<?xml version = '1.0' encoding = 'windows-31j'?>
<jdbc-data-source xmlns:xsi="http://www.w3.org/2001/XMLSchema-instance"
                  xsi:schemaLocation="http://www.bea.com/ns/weblogic/jdbc-data-source http://www.bea.com/ns/weblogic/jdbc-data-source/1.0/jdbc-data-source.xsd"
                  xmlns="http://www.bea.com/ns/weblogic/jdbc-data-source">
    <name>kpm_conn</name>
    <jdbc-driver-params>
        <url>jdbc:oracle:thin:@kpm_db:1521:kpm1</url>
        <driver-name>oracle.jdbc.OracleDriver</driver-name>
        <properties>
            <property>
                <name>user</name>
                <value>kpm</value>
            </property>
        </properties>
        <password-encrypted>747907EB85CEC8D55D93575BFF66064E</password-encrypted>
    </jdbc-driver-params>
    <jdbc-connection-pool-params>
        <test-table-name>SQL SELECT 1 FROM DUAL</test-table-name>
    </jdbc-connection-pool-params>
    <jdbc-data-source-params>
        <jndi-name>jdbc/kpm_connDS</jndi-name>
        <scope>Application</scope>
    </jdbc-data-source-params>
</jdbc-data-source>
