<?xml version="1.0" encoding="windows-31j" ?>
<adfc-config xmlns="http://xmlns.oracle.com/adf/controller" version="1.2">
  <task-flow-definition id="calendar-task-flow">
    <default-activity id="__1">calendar</default-activity>
    <managed-bean id="__5">
      <managed-bean-name id="__3">calendarBean</managed-bean-name>
      <managed-bean-class id="__4">demo.view.bean.DemoCalendarBean</managed-bean-class>
      <managed-bean-scope id="__2">pageFlow</managed-bean-scope>
    </managed-bean>
    <view id="calendar">
      <page>/calendar.jsff</page>
    </view>
    <use-page-fragments/>
  </task-flow-definition>
</adfc-config>
